cluster_name,dag_id,no_of_jobs,num_of_workers,worker_machine_type,master_machine_type,total_active_minutes,estimated_cost_eur,TIMER_NAME,TIMER_TIME
cluster-wf-dmr-load-e338500b-0100,wf_DMR_LOAD_T_00_00__T_00_35__T_01_00__T_03_00__T_22_08__T_23_40,134,405,n2-highcpu-4,n2-highcpu-4,1690.66,2745.6337,T_01_00_TS,02:00
cluster-wf-load-info-b44fa215-0520,wf_LOAD_Infocentro_T_05_20,40,130,n2d-highcpu-2,n2d-highcpu-2,112.95,27.1279,T_05_20_CG,06:20
cluster-wf-dmr-load-t-06-15-0615,wf_DMR_LOAD_T_06_15,168,105,e2-highcpu-32,e2-highcpu-32,1078.48,2560.7416,T_06_15_CREATE_FLAG_CRO,07:15
cluster-wf-dmr-load-t-05-00-0500,wf_DMR_LOAD_T_05_00,223,102,n2-highcpu-32,n2-highcpu-32,1351.68,4455.1292,T_05_00_ACT_OUT,06:00
cluster-wf-load-info-83c7f70d-0730,wf_LOAD_Infocentro_T_07_30,41,102,e2-highcpu-32,e2-highcpu-32,240.20,554.1944,T_07_30_MIS_TAC,08:30
cluster-wf-load-info-986acbb7-0100,wf_LOAD_Infocentro_T_01_00__T_04_00,85,93,e2-highcpu-32,e2-highcpu-32,408.32,859.7676,T_01_00_PD,02:00
cluster-wf-load-pulse-main,wf_LOAD_Pulse,30,87,n2-highcpu-32,n2-highcpu-32,151.57,426.8288,ZERO_TIMER,00:00
cluster-wf-dmr-load-t-06-00-0600,wf_DMR_LOAD_T_06_00,55,79,e2-highcpu-32,e2-highcpu-32,134.12,240.3368,T_06_00_DPM,07:00
cluster-wf-dmr-load-e338500b-0300,wf_DMR_LOAD_T_00_00__T_00_35__T_01_00__T_03_00__T_22_08__T_23_40,325,70,e2-highcpu-32,e2-highcpu-32,3111.49,4948.5175,T_03_00_TI,04:00
cluster-wf-load-info-7e158412-0345,wf_LOAD_Infocentro_T_03_45,229,70,e2-highcpu-32,e2-highcpu-32,1554.77,2472.7056,T_03_45_PM,04:45
cluster-wf-dwh-load-t-05-50-0550,wf_DWH_LOAD_T_05_50,126,70,n2-highcpu-32,n2-highcpu-32,779.55,1771.1274,T_05_50_EB,06:50
cluster-wf-dmr-load-t-04-35-0435,wf_DMR_LOAD_T_04_35,306,68,n2-highcpu-32,n2-highcpu-32,1715.22,3787.1982,T_04_35_MIFID_II_ETL_DWH_DM,05:35
cluster-wf-dmr-load-t-03-45-0345,wf_DMR_LOAD_T_03_45,274,68,n2-highcpu-32,n2-highcpu-32,1464.82,3234.3139,T_03_45_CIRBE_DIARIO,04:45
cluster-wf-load-info-dbf4b473-0635,wf_LOAD_Infocentro_T_06_35,197,68,n2-highcpu-32,n2-highcpu-32,1299.98,2870.3452,T_06_35_EX_Payments,07:35
cluster-wf-load-info-c9c4d332-0530,wf_LOAD_Infocentro_T_05_30,161,68,n2-highcpu-32,n2-highcpu-32,919.18,2029.5408,T_05_30_CVCM,06:30
cluster-wf-dwh-load-t-03-00-0300,wf_DWH_LOAD_T_03_00,117,68,n2-highcpu-32,n2-highcpu-32,861.30,1901.7528,Timer_03_00,04:00
cluster-wf-dwh-load-t-22-31-2231,wf_DWH_LOAD_T_22_31,92,68,n2-highcpu-32,n2-highcpu-32,528.21,1166.2858,T_22_31,23:31
cluster-wf-dmr-load-425ff947-0425,wf_DMR_LOAD_T_01_30__T_03_15__T_04_25,42,68,n2d-highcpu-32,n2d-highcpu-32,110.42,223.4934,T_04_25_HO,05:25
cluster-wf-dwh-load-4b53af6c-0420,wf_DWH_LOAD_T_04_00__T_04_20,50,62,e2-highcpu-32,e2-highcpu-32,169.33,238.9565,Timer_4_20,05:20
cluster-wf-dmr-load-t-03-00-0300,wf_DMR_LOAD_T_03_00,54,60,n2-highcpu-32,n2-highcpu-32,108.33,211.4661,T_03_00_MA,04:00
cluster-wf-load-info-10ffe88b-0500,wf_LOAD_Infocentro_T_05_00,102,53,n2d-highcpu-32,n2d-highcpu-32,379.69,601.4355,T_05_00_GR,06:00
cluster-wf-load-info-79279de3-0740,wf_LOAD_Infocentro_T_07_40,63,53,n2-highcpu-32,n2-highcpu-32,287.85,497.3985,T_07_40_ODIGO,08:40
cluster-wf-dwh-load-t-01-15-0115,wf_DWH_LOAD_T_01_15,29,53,n2-highcpu-32,n2-highcpu-32,70.48,121.7880,Timer_01_15,02:15
cluster-wf-cro-rc-load-main,wf_CRO_RC_LOAD,31,45,n2d-highcpu-32,n2d-highcpu-32,175.23,236.4459,ZERO_TIMER,00:00
cluster-wf-dmr-load-t-22-25-2225,wf_DMR_LOAD_T_22_25,26,41,e2-highcpu-32,e2-highcpu-32,48.14,45.2914,T_22_25_EEMM,23:25
cluster-wf-dwh-load-940807f2-0435,wf_DWH_LOAD_NMIS_T_04_35__T_04_30,22,40,n2d-highcpu-32,n2d-highcpu-32,103.75,124.7746,T_4_35,05:35
cluster-wf-dmr-load-t-21-30-2130,wf_DMR_LOAD_T_21_30,85,38,n2-highcpu-32,n2-highcpu-32,176.05,219.7085,T_21_30_SG,22:30
cluster-wf-dwh-load-t-21-15-2115,wf_DWH_LOAD_T_21_15,47,38,e2-highcpu-32,e2-highcpu-32,199.01,173.8589,T_21_15_Seguros,22:15
cluster-wf-dwh-load-t-05-15-0515,wf_DWH_LOAD_T_05_15,110,33,e2-highcpu-32,e2-highcpu-32,527.23,401.5372,T_05_15_RRHH,06:15
cluster-wf-dwh-load-t-05-00-0500,wf_DWH_LOAD_T_05_00,46,33,e2-highcpu-32,e2-highcpu-32,89.21,67.9389,T_5_00_FDD,06:00
cluster-wf-load-info-1e0fd893-0800,wf_LOAD_Infocentro_T_08_00,25,33,n2-highcpu-32,n2-highcpu-32,134.60,146.4431,T_08_00_SGR,09:00
cluster-wf-dwh-load-t-22-45-2245,wf_DWH_LOAD_T_22_45,48,30,n2d-highcpu-32,n2d-highcpu-32,79.36,72.1677,Timer_22_45,23:45
cluster-wf-load-info-ac79fee8-0400,wf_LOAD_Infocentro_T_04_00,47,30,n2d-highcpu-32,n2d-highcpu-32,86.21,78.3981,T_04_00_MJ,05:00
cluster-wf-load-info-0b0b02e5-0645,wf_LOAD_Infocentro_T_06_45,28,30,n2d-highcpu-32,n2d-highcpu-32,51.02,46.3908,T_06_45_ER,07:45
cluster-wf-dwh-load-t-00-00-0000,wf_DWH_LOAD_T_00_00,17,26,e2-highcpu-32,e2-highcpu-32,36.26,21.9306,Timer_00_00,01:00
cluster-wf-dwh-load-t-22-30-2230,wf_DWH_LOAD_T_22_30,57,25,n2-highcpu-32,n2-highcpu-32,81.80,68.0612,Timer_22_30,23:30
cluster-wf-load-info-986acbb7-0400,wf_LOAD_Infocentro_T_01_00__T_04_00,42,23,n2d-highcpu-32,n2d-highcpu-32,74.64,52.5496,T_04_00_AG,05:00
cluster-wf-dwh-load-t-08-15-0815,wf_DWH_LOAD_T_08_15,31,23,n2-highcpu-32,n2-highcpu-32,69.02,53.0054,T_08_15_WM,09:15
cluster-wf-dmr-load-t-08-00-0800,wf_DMR_LOAD_T_08_00,24,20,n2-highcpu-32,n2-highcpu-32,42.73,28.7119,T_08_00_PD_JCO,09:00
cluster-wf-dwh-load-t-21-01-2101,wf_DWH_LOAD_T_21_01,45,19,e2-highcpu-32,e2-highcpu-32,55.37,24.8061,T_21_01,22:01
cluster-wf-dwh-load-93e5fa9b-2330,wf_DWH_LOAD_T_21_09__T_23_30,18,18,e2-highcpu-32,e2-highcpu-32,27.02,11.5003,Timer_23_30,00:30
cluster-wf-load-info-f713283d-0615,wf_LOAD_Infocentro_T_06_15,14,18,e2-highcpu-32,e2-highcpu-32,75.32,32.0563,T_06_15_SE,07:15
cluster-wf-dmr-load-t-02-15-0215,wf_DMR_LOAD_T_02_15,56,17,n2-highcpu-32,n2-highcpu-32,165.21,95.1602,T_02_15_PM,03:15
cluster-wf-dwh-load-t-06-30-0630,wf_DWH_LOAD_T_06_30,19,15,e2-highcpu-32,e2-highcpu-32,34.25,12.2758,Timer_6_30,07:30
cluster-wf-dmr-load-t-00-45-0045,wf_DMR_LOAD_T_00_45,18,15,n2-highcpu-32,n2-highcpu-32,19.54,10.0043,T_00_45_FP,01:45
cluster-wf-dwh-load-t-04-25-0425,wf_DWH_LOAD_T_04_25,15,15,n2d-highcpu-32,n2d-highcpu-32,28.74,13.4873,Timer_4_25_Operaciones,05:25
cluster-wf-dmr-load-t-23-50-2350,wf_DMR_LOAD_T_23_50,14,15,n2d-highcpu-32,n2d-highcpu-32,23.77,11.1546,T_23_50_FI,00:50
cluster-wf-dwh-load-t-06-00-0600,wf_DWH_LOAD_T_06_00,105,14,n2d-highcpu-224,n2d-highcpu-224,1134.27,3493.5642,Timer_6_00,07:00
cluster-wf-dwh-load-t-02-40-0240,wf_DWH_LOAD_T_02_40,37,14,n2-highcpu-32,n2-highcpu-32,59.94,28.7691,T_02_40_NTRK,03:40
cluster-wf-dwh-load-t-22-32-2232,wf_DWH_LOAD_T_22_32,23,14,e2-highcpu-32,e2-highcpu-32,33.86,11.3772,T_22_32,23:32
cluster-wf-dwh-load-20364070-0730,wf_DWH_LOAD_NMIS_T_07_30__T_06_00,21,14,e2-highcpu-32,e2-highcpu-32,111.64,37.5101,T_7_30,08:30
cluster-wf-dwh-load-t-03-30-0330,wf_DWH_LOAD_T_03_30,34,13,e2-highcpu-32,e2-highcpu-32,34.33,10.7660,T_03_30_NHub,04:30
cluster-wf-load-info-6b956e1c-0330,wf_LOAD_Infocentro_T_03_30,32,13,e2-highcpu-32,e2-highcpu-32,47.99,15.0498,T_03_30_GB_Cartera,04:30
cluster-wf-dmr-load-t-05-35-0535,wf_DMR_LOAD_T_05_35,31,13,n2-highcpu-32,n2-highcpu-32,38.26,17.1385,T_05_35_JERARQUIAS,06:35
cluster-wf-dmr-load-e338500b-2208,wf_DMR_LOAD_T_00_00__T_00_35__T_01_00__T_03_00__T_22_08__T_23_40,152,12,n2d-highcpu-224,n2d-highcpu-224,570.20,1522.0569,T_22_08_AV,23:08
cluster-wf-dmr-load-e338500b-2340,wf_DMR_LOAD_T_00_00__T_00_35__T_01_00__T_03_00__T_22_08__T_23_40,18,10,e2-highcpu-32,e2-highcpu-32,17.76,4.3765,T_23_40_UA,00:40
cluster-wf-dwh-load-t-06-50-0650,wf_DWH_LOAD_T_06_50,15,10,e2-highcpu-32,e2-highcpu-32,23.68,5.8338,Timer_06_50_CCAA,07:50
cluster-wf-carga-act-bfbe08c0-main,wf_Carga_ACTIVA_OUTPUT_Intraday,8,10,e2-highcpu-32,e2-highcpu-32,11.18,2.7541,ZERO_TIMER,00:00
cluster-wf-dmr-load-t-23-05-2305,wf_DMR_LOAD_T_23_05,7,10,n2-highcpu-2,n2-highcpu-2,5.52,0.1215,T_23_05_AF,00:05
cluster-wf-load-info-dc8f22d4-main,wf_LOAD_Infocentro_Intradia,13,9,e2-highcpu-32,e2-highcpu-32,22.83,5.1145,ZERO_TIMER,00:00
cluster-wf-dwh-load-4b53af6c-0400,wf_DWH_LOAD_T_04_00__T_04_20,11,8,e2-highcpu-32,e2-highcpu-32,14.65,2.9525,Timer_4_00_Contratos,05:00
cluster-wf-dmr-load-t-02-10-0210,wf_DMR_LOAD_T_02_10,39,7,e2-highcpu-32,e2-highcpu-32,45.76,8.2004,T_02_10_SFMC,03:10
cluster-wf-dwh-load-t-01-00-0100,wf_DWH_LOAD_T_01_00,36,7,e2-highcpu-32,e2-highcpu-32,51.99,9.3168,T_01_00_GDPR,02:00
cluster-wf-dwh-load-t-05-25-0525,wf_DWH_LOAD_T_05_25,12,7,n2d-highcpu-32,n2d-highcpu-32,14.13,3.3157,T_05_25_FlexiPago,06:25
cluster-wf-dmr-load-t-08-25-0825,wf_DMR_LOAD_T_08_25,11,7,e2-highcpu-32,e2-highcpu-32,12.74,2.2835,T_08_25_TSD,09:25
cluster-wf-dwh-load-24b57cb2-0531,wf_DWH_LOAD_NMIS_T_05_30__T_05_31__T_04_00,24,6,e2-highcpu-32,e2-highcpu-32,34.16,5.3563,T_5_31,06:31
cluster-wf-dmr-load-t-01-50-0150,wf_DMR_LOAD_T_01_50,9,6,e2-highcpu-32,e2-highcpu-32,8.22,1.2890,T_01_50_VL,02:50
cluster-wf-dmr-load-t-07-00-0700,wf_DMR_LOAD_T_07_00,40,5,n2d-highcpu-224,n2d-highcpu-224,113.06,139.2930,T_07_00_RISK_ALARMS,08:00
cluster-wf-load-info-25f3c2ad-0000,wf_LOAD_Infocentro_T_00_00,30,5,n2d-highcpu-224,n2d-highcpu-224,64.28,79.1871,T_00_00_Host_Alerts,01:00
cluster-wf-dwh-load-t-02-15-0215,wf_DWH_LOAD_T_02_15,29,5,e2-highcpu-32,e2-highcpu-32,36.71,4.9341,T_02_15_Perfilados_MIFID,03:15
cluster-wf-dwh-load-t-21-04-2104,wf_DWH_LOAD_T_21_04,17,5,n2-highcpu-32,n2-highcpu-32,22.78,4.3742,T_21_04_CESOP_ALL_DL,22:04
cluster-wf-dmr-load-t-00-20-0020,wf_DMR_LOAD_T_00_20,16,5,e2-highcpu-32,e2-highcpu-32,13.07,1.7570,T_00_20_CG,01:20
cluster-wf-dmr-load-03d556e9-2315,wf_DMR_LOAD_T_09_00__T_23_15,11,5,n2-highcpu-32,n2-highcpu-32,9.49,1.8221,T_23_15_TIMELINES,00:15
cluster-wf-dmr-load-t-03-25-0325,wf_DMR_LOAD_T_03_25,11,5,n2-highcpu-32,n2-highcpu-32,9.16,1.7596,T_03_25_GR,04:25
cluster-wf-dwh-load-85f9116a-0430,wf_DWH_LOAD_NMIS_T_04_30,11,5,e2-highcpu-32,e2-highcpu-32,13.48,1.8124,T_4_30,05:30
cluster-wf-load-info-6c8abf4b-0130,wf_LOAD_Infocentro_T_01_30,11,5,n2d-highcpu-32,n2d-highcpu-32,10.60,1.8648,T_01_30_TG,02:30
cluster-wf-anonimizacion-load-main,wf_Anonimizacion_LOAD,10,5,n2d-highcpu-32,n2d-highcpu-32,10.32,1.8171,ZERO_TIMER,00:00
cluster-wf-dmr-load-t-03-10-0310,wf_DMR_LOAD_T_03_10,9,5,n2-highcpu-32,n2-highcpu-32,7.20,1.3823,T_03_10_SE,04:10
cluster-wf-dmr-load-t-22-00-2200,wf_DMR_LOAD_T_22_00,6,5,n2-highcpu-32,n2-highcpu-32,6.26,1.2022,T_22_00_TRC,23:00
cluster-wf-dmr-load-t-02-45-0245,wf_DMR_LOAD_T_02_45,8,4,n2-highcpu-32,n2-highcpu-32,5.55,0.8878,T_02_45_CVCM,03:45
cluster-wf-dmr-load-t-22-05-2205,wf_DMR_LOAD_T_22_05,7,4,n2d-highcpu-32,n2d-highcpu-32,4.71,0.6907,T_22_05_TM,23:05
cluster-wf-dwh-load-t-22-34-2234,wf_DWH_LOAD_T_22_34,6,4,n2d-highcpu-32,n2d-highcpu-32,5.66,0.8305,T_22_34,23:34
cluster-wf-dwh-load-t-05-30-0530,wf_DWH_LOAD_T_05_30,8,3,n2d-highcpu-32,n2d-highcpu-32,7.54,0.8852,Timer_05_30,06:30
cluster-wf-dwh-load-t-22-33-2233,wf_DWH_LOAD_T_22_33,7,3,n2-highcpu-32,n2-highcpu-32,6.47,0.8285,T_22_33,23:33
cluster-wf-load-info-96fe38cb-0200,wf_LOAD_Infocentro_T_02_00,7,3,n2-highcpu-32,n2-highcpu-32,7.14,0.9134,T_02_00_AF,03:00
cluster-wf-dmr-load-e338500b-0035,wf_DMR_LOAD_T_00_00__T_00_35__T_01_00__T_03_00__T_22_08__T_23_40,6,3,n2-highcpu-32,n2-highcpu-32,4.76,0.6091,T_00_35_SC,01:35
cluster-wf-dwh-load-t-21-06-2106,wf_DWH_LOAD_T_21_06,6,3,e2-highcpu-32,e2-highcpu-32,5.88,0.5268,T_21_06_DEPOSIT_BOXES_ALL_DL,22:06
cluster-wf-load-info-2c1ad100-0630,wf_LOAD_Infocentro_T_06_30,6,3,n2-highcpu-32,n2-highcpu-32,5.93,0.7594,T_06_30_BT,07:30
cluster-wf-dwh-load-t-05-20-0520,wf_DWH_LOAD_T_05_20,5,3,e2-highcpu-32,e2-highcpu-32,5.20,0.4662,T_05_20_Bloqueos,06:20
cluster-wf-dmr-load-t-08-20-0820,wf_DMR_LOAD_T_08_20,4,3,n2d-highcpu-32,n2d-highcpu-32,4.41,0.5176,T_08_20_TIZ,09:20
cluster-wf-dmr-load-t-23-00-2300,wf_DMR_LOAD_T_23_00,4,3,n2-highcpu-32,n2-highcpu-32,2.82,0.3616,T_23_00_CTRK,00:00
cluster-wf-dwh-load-24b57cb2-0530,wf_DWH_LOAD_NMIS_T_05_30__T_05_31__T_04_00,4,3,n2-highcpu-32,n2-highcpu-32,4.97,0.6368,T_5_30,06:30
cluster-wf-dwh-load-t-04-30-0430,wf_DWH_LOAD_T_04_30,4,3,e2-highcpu-32,e2-highcpu-32,4.08,0.3655,T_04_30_APT,05:30
cluster-wf-load-act-99dee7a2-0530,UNKNOWN_DAG_ID,8,2,n2d-highcpu-32,n2d-highcpu-32,6.92,0.6092,ZERO_TIMER,00:00
cluster-wf-dmr-load-t-07-30-0730,wf_DMR_LOAD_T_07_30,6,2,n2-highcpu-32,n2-highcpu-32,5.04,0.4839,T_07_30_SAS,08:30
cluster-wf-carga-inf-b681b46e-main,wf_Carga_Infocentro_DM_ODIGO_CLIENTES,5,2,e2-highcpu-32,e2-highcpu-32,3.49,0.2344,ZERO_TIMER,00:00
cluster-wf-dmr-load-t-00-30-0030,wf_DMR_LOAD_T_00_30,5,2,n2d-highcpu-32,n2d-highcpu-32,4.59,0.4042,T_00_30_SF,01:30
cluster-wf-dmr-load-t-02-00-0200,wf_DMR_LOAD_T_02_00,5,2,n2d-highcpu-32,n2d-highcpu-32,3.32,0.2923,T_02_00_RMS_SUMMIT,03:00
cluster-wf-anonimiza-636bf97f-main,wf_Anonimizacion_Daily_LOAD,4,2,n2-highcpu-32,n2-highcpu-32,3.58,0.3434,ZERO_TIMER,00:00
cluster-wf-carga-con-7cc57cf7-main,wf_Carga_Contratos_Metricas_NMIS,4,2,n2d-highcpu-32,n2d-highcpu-32,3.10,0.2728,ZERO_TIMER,00:00
cluster-wf-carga-mov-58900747-main,wf_Carga_Movimientos_Cuentas_DM_Complete,4,2,n2-highcpu-32,n2-highcpu-32,4.54,0.4358,ZERO_TIMER,00:00
cluster-wf-dmr-load-t-08-30-0830,wf_DMR_LOAD_T_08_30,3,2,n2d-highcpu-16,n2d-highcpu-16,2.17,0.0957,T_08_30_Reparto_Garantias,09:30
cluster-wf-dwh-load-24b57cb2-0400,wf_DWH_LOAD_NMIS_T_05_30__T_05_31__T_04_00,3,2,n2-highcpu-32,n2-highcpu-32,3.24,0.3108,Timer_4h,05:00
cluster-wf-dwh-load-t-13-00-1300,wf_DWH_LOAD_T_13_00,3,2,e2-highcpu-16,e2-highcpu-16,2.39,0.0802,Timer_13_00,14:00
cluster-wf-load-act-99dee7a2-0000,UNKNOWN_DAG_ID,3,2,n2d-highcpu-32,n2d-highcpu-32,2.46,0.2166,ZERO_TIMER,00:00
cluster-wf-load-act-t-04-00-0400,wf_LOAD_ACT_T_04_00,3,2,n2d-highcpu-4,n2d-highcpu-4,2.25,0.0247,T_04_00,05:00
cluster-wf-carga-ho-intraday-main,wf_Carga_HO_Intraday,2,2,n2-highcpu-16,n2-highcpu-16,1.77,0.0850,ZERO_TIMER,00:00
cluster-wf-cro-d-load-main,wf_CRO_D_LOAD,2,2,n2d-highcpu-32,n2d-highcpu-32,2.79,0.2456,ZERO_TIMER,00:00
cluster-wf-dwh-load-t-00-30-0030,wf_DWH_LOAD_T_00_30,2,2,n2d-highcpu-16,n2d-highcpu-16,1.47,0.0645,Timer_00_30,01:30
cluster-wf-load-info-e36b4a33-0830,wf_LOAD_Infocentro_T_08_30,2,2,n2d-highcpu-32,n2d-highcpu-32,2.42,0.2126,T_08_30_PE,09:30
cluster-wf-dmr-load-425ff947-0130,wf_DMR_LOAD_T_01_30__T_03_15__T_04_25,1,2,n2-highcpu-4,n2-highcpu-4,0.70,0.0084,T_01_30_BPM,02:30
cluster-wf-dmr-load-t-21-50-2150,wf_DMR_LOAD_T_21_50,1,2,n2-highcpu-4,n2-highcpu-4,0.99,0.0118,T_21_50_PD,22:50
cluster-wf-genera-re-3f8fe730-main,wf_Genera_Report_Error,1,2,n2-highcpu-16,n2-highcpu-16,0.59,0.0286,ZERO_TIMER,00:00
