cluster_name,worker_machine_type,worker_family,num_workers,max_workers_from_policy,total_cores,max_total_cores,strategy,bias_mode,topology_preset,diagnostic_signals
cluster-wf_spark_263,c4-standard-24,c4,2,4,48,96,performance_biased,performance_biased,8cx2GBpc,""
cluster-wf_spark_56,e2-standard-32,e2,20,20,640,640,performance_biased,performance_biased,8cx2GBpc,""
cluster-wf_spark_29,n2d-standard-32,n2d,76,76,2432,2432,performance_biased,performance_biased,8cx2GBpc,""
cluster-wf_spark_248,n2-standard-32,n2,7,8,224,256,performance_biased,performance_biased,8cx2GBpc,""
cluster-wf_spark_293,n2-standard-32,n2,2,4,64,128,performance_biased,performance_biased,8cx2GBpc,""
cluster-wf_spark_19,n2-highcpu-32,n2,2,4,64,128,performance_biased,performance_biased,8cx2GBpc,""
cluster-wf_spark_99,n2-standard-32,n2,6,6,192,192,performance_biased,performance_biased,8cx2GBpc,""
cluster-wf_spark_104,e2-standard-32,e2,104,104,3328,3328,performance_biased,performance_biased,8cx2GBpc,""
cluster-wf_spark_67,n2-standard-32,n2,3,4,96,128,performance_biased,performance_biased,8cx2GBpc,""
cluster-wf_spark_303,n2-highcpu-32,n2,3,4,96,128,performance_biased,performance_biased,8cx2GBpc,""
cluster-wf_spark_288,n2-standard-32,n2,5,6,160,192,performance_biased,performance_biased,8cx2GBpc,""
cluster-wf_spark_152,n2-standard-32,n2,8,8,256,256,performance_biased,performance_biased,8cx2GBpc,""
cluster-wf_spark_237,n2-standard-32,n2,7,8,224,256,performance_biased,performance_biased,8cx2GBpc,""
cluster-wf_spark_165,c3-highcpu-8,c3,5,6,40,48,performance_biased,performance_biased,8cx2GBpc,""
cluster-wf_spark_206,n2-standard-32,n2,8,8,256,256,performance_biased,performance_biased,8cx2GBpc,""
cluster-wf_spark_277,n2-standard-32,n2,10,10,320,320,performance_biased,performance_biased,8cx2GBpc,""
cluster-wf_spark_154,n2-standard-32,n2,4,4,128,128,performance_biased,performance_biased,8cx2GBpc,""
cluster-wf_spark_331,n2-highcpu-8,n2,3,4,24,32,performance_biased,performance_biased,8cx2GBpc,""
cluster-wf_spark_212,n2-standard-32,n2,9,10,288,320,performance_biased,performance_biased,8cx2GBpc,""
cluster-wf_spark_174,n2-standard-32,n2,5,6,160,192,performance_biased,performance_biased,8cx2GBpc,""
cluster-wf_spark_159,n2-standard-32,n2,5,6,160,192,performance_biased,performance_biased,8cx2GBpc,""
cluster-wf_spark_222,n2-standard-32,n2,9,10,288,320,performance_biased,performance_biased,8cx2GBpc,""
cluster-wf_spark_341,n2-standard-32,n2,9,10,288,320,performance_biased,performance_biased,8cx2GBpc,""
cluster-wf_spark_34,n2-highcpu-2,n2,471,471,942,942,performance_biased,performance_biased,8cx2GBpc,""
cluster-wf_spark_111,e2-highcpu-32,e2,2,4,64,128,performance_biased,performance_biased,8cx2GBpc,""
cluster-wf_spark_252,e2-standard-32,e2,13,13,416,416,performance_biased,performance_biased,8cx2GBpc,""
cluster-wf_spark_137,n2d-highcpu-32,n2d,2,4,64,128,performance_biased,performance_biased,8cx2GBpc,""
cluster-wf_spark_244,n2d-standard-32,n2d,11,11,352,352,performance_biased,performance_biased,8cx2GBpc,""
cluster-wf_spark_363,n2-standard-32,n2,5,6,160,192,performance_biased,performance_biased,8cx2GBpc,""
cluster-wf_spark_274,e2-highcpu-32,e2,3,4,96,128,performance_biased,performance_biased,8cx2GBpc,""
cluster-wf_spark_141,n2-standard-32,n2,4,4,128,128,performance_biased,performance_biased,8cx2GBpc,""
cluster-wf_spark_100,n2-highcpu-2,n2,236,236,472,472,performance_biased,performance_biased,8cx2GBpc,""
cluster-wf_spark_26,e2-standard-32,e2,68,68,2176,2176,performance_biased,performance_biased,8cx2GBpc,""
cluster-wf_spark_148,n2d-highcpu-4,n2d,26,26,104,104,performance_biased,performance_biased,8cx2GBpc,""
cluster-wf_spark_352,n2d-highcpu-2,n2d,17,17,34,34,performance_biased,performance_biased,8cx2GBpc,""
cluster-wf_spark_233,n2d-standard-32,n2d,7,8,224,256,performance_biased,performance_biased,8cx2GBpc,""
cluster-wf_spark_319,n2-standard-32,n2,7,8,224,256,performance_biased,performance_biased,8cx2GBpc,""
cluster-wf_spark_216,n2-highcpu-32,n2,2,4,64,128,performance_biased,performance_biased,8cx2GBpc,""
cluster-wf_spark_45,n2-standard-32,n2,46,46,1472,1472,performance_biased,performance_biased,8cx2GBpc,""
cluster-wf_spark_266,n2d-standard-32,n2d,9,10,288,320,performance_biased,performance_biased,8cx2GBpc,""
cluster-wf_spark_122,n2d-standard-32,n2d,3,4,96,128,performance_biased,performance_biased,8cx2GBpc,""
cluster-wf_spark_285,n2d-highcpu-32,n2d,2,4,64,128,performance_biased,performance_biased,8cx2GBpc,""
cluster-wf_spark_60,n2d-standard-32,n2d,8,8,256,256,performance_biased,performance_biased,8cx2GBpc,""
cluster-wf_spark_308,n2d-standard-32,n2d,9,10,288,320,performance_biased,performance_biased,8cx2GBpc,""
cluster-wf_spark_30,e2-standard-32,e2,76,76,2432,2432,performance_biased,performance_biased,8cx2GBpc,""
cluster-wf_spark_130,n2-highcpu-32,n2,2,4,64,128,performance_biased,performance_biased,8cx2GBpc,""
cluster-wf_spark_226,n2-standard-32,n2,5,6,160,192,performance_biased,performance_biased,8cx2GBpc,""
cluster-wf_spark_115,n2d-standard-32,n2d,5,6,160,192,performance_biased,performance_biased,8cx2GBpc,""
cluster-wf_spark_338,n2-standard-32,n2,6,6,192,192,performance_biased,performance_biased,8cx2GBpc,""
cluster-wf_spark_88,n2-standard-32,n2,34,34,1088,1088,performance_biased,performance_biased,8cx2GBpc,""
cluster-wf_spark_37,n2d-standard-32,n2d,23,23,736,736,performance_biased,performance_biased,8cx2GBpc,""
cluster-wf_spark_133,n2-standard-32,n2,4,4,128,128,performance_biased,performance_biased,8cx2GBpc,""
cluster-wf_spark_367,n2-standard-32,n2,9,10,288,320,performance_biased,performance_biased,8cx2GBpc,""
cluster-wf_spark_230,n2d-highcpu-32,n2d,2,4,64,128,performance_biased,performance_biased,8cx2GBpc,""
cluster-wf_spark_314,n2d-standard-32,n2d,4,4,128,128,performance_biased,performance_biased,8cx2GBpc,""
cluster-wf_spark_219,n2-standard-32,n2,11,11,352,352,performance_biased,performance_biased,8cx2GBpc,""
cluster-wf_spark_144,n2d-standard-32,n2d,9,10,288,320,performance_biased,performance_biased,8cx2GBpc,""
cluster-wf_spark_356,n2-highcpu-32,n2,3,4,96,128,performance_biased,performance_biased,8cx2GBpc,""
cluster-wf_spark_195,e2-standard-32,e2,5,6,160,192,performance_biased,performance_biased,8cx2GBpc,""
cluster-wf_spark_126,n2-standard-32,n2,7,8,224,256,performance_biased,performance_biased,8cx2GBpc,""
cluster-wf_spark_4,e2-highcpu-32,e2,2,4,64,128,performance_biased,performance_biased,8cx2GBpc,""
cluster-wf_spark_77,e2-standard-32,e2,26,26,832,832,performance_biased,performance_biased,8cx2GBpc,""
cluster-wf_spark_325,n2d-standard-32,n2d,5,6,160,192,performance_biased,performance_biased,8cx2GBpc,""
cluster-wf_spark_255,n2-standard-32,n2,7,8,224,256,performance_biased,performance_biased,8cx2GBpc,""
cluster-wf_spark_205,n2d-standard-32,n2d,8,8,256,256,performance_biased,performance_biased,8cx2GBpc,""
cluster-wf_spark_41,n2-standard-32,n2,42,42,1344,1344,performance_biased,performance_biased,8cx2GBpc,""
cluster-wf_spark_241,n2d-standard-32,n2d,3,4,96,128,performance_biased,performance_biased,8cx2GBpc,""
cluster-wf_spark_151,e2-standard-32,e2,7,8,224,256,performance_biased,performance_biased,8cx2GBpc,""
cluster-wf_spark_48,n2d-standard-32,n2d,17,17,544,544,performance_biased,performance_biased,8cx2GBpc,""
cluster-wf_spark_189,e2-standard-32,e2,4,4,128,128,performance_biased,performance_biased,8cx2GBpc,""
cluster-wf_spark_290,e2-standard-32,e2,9,10,288,320,performance_biased,performance_biased,8cx2GBpc,""
cluster-wf_spark_59,e2-highcpu-8,e2,3,4,24,32,performance_biased,performance_biased,8cx2GBpc,""
cluster-wf_spark_298,e2-standard-32,e2,5,6,160,192,performance_biased,performance_biased,8cx2GBpc,""
cluster-wf_spark_140,n2-standard-32,n2,4,4,128,128,performance_biased,performance_biased,8cx2GBpc,""
cluster-wf_spark_52,e2-standard-32,e2,7,8,224,256,performance_biased,performance_biased,8cx2GBpc,""
cluster-wf_spark_90,n2-highcpu-32,n2,2,4,64,128,performance_biased,performance_biased,8cx2GBpc,""
cluster-wf_spark_310,n2d-highcpu-32,n2d,3,4,96,128,performance_biased,performance_biased,8cx2GBpc,""
cluster-wf_spark_207,e2-standard-32,e2,9,10,288,320,performance_biased,performance_biased,8cx2GBpc,""
cluster-wf_spark_129,n2-standard-32,n2,10,10,320,320,performance_biased,performance_biased,8cx2GBpc,""
cluster-wf_spark_63,n2d-standard-32,n2d,16,16,512,512,performance_biased,performance_biased,8cx2GBpc,""
cluster-wf_spark_229,e2-standard-32,e2,8,8,256,256,performance_biased,performance_biased,8cx2GBpc,""
cluster-wf_spark_201,n2-highcpu-32,n2,3,4,96,128,performance_biased,performance_biased,8cx2GBpc,""
cluster-wf_spark_107,n2-standard-32,n2,37,37,1184,1184,performance_biased,performance_biased,8cx2GBpc,""
cluster-wf_spark_259,e2-standard-32,e2,4,4,128,128,performance_biased,performance_biased,8cx2GBpc,""
cluster-wf_spark_335,e2-standard-32,e2,13,13,416,416,performance_biased,performance_biased,8cx2GBpc,""
cluster-wf_spark_170,n2d-standard-32,n2d,7,8,224,256,performance_biased,performance_biased,8cx2GBpc,""
cluster-wf_spark_321,e2-standard-32,e2,9,10,288,320,performance_biased,performance_biased,8cx2GBpc,""
cluster-wf_spark_118,n2d-standard-32,n2d,9,10,288,320,performance_biased,performance_biased,8cx2GBpc,""
cluster-wf_spark_184,e2-standard-32,e2,11,11,352,352,performance_biased,performance_biased,8cx2GBpc,""
cluster-wf_spark_162,n2-standard-32,n2,4,4,128,128,performance_biased,performance_biased,8cx2GBpc,""
cluster-wf_spark_155,n2-standard-32,n2,5,6,160,192,performance_biased,performance_biased,8cx2GBpc,""
cluster-wf_spark_345,n2d-highcpu-8,n2d,3,4,24,32,performance_biased,performance_biased,8cx2GBpc,""
cluster-wf_spark_330,e2-highcpu-32,e2,2,4,64,128,performance_biased,performance_biased,8cx2GBpc,""
cluster-wf_spark_348,e2-standard-32,e2,8,8,256,256,performance_biased,performance_biased,8cx2GBpc,""
cluster-wf_spark_79,n2d-standard-32,n2d,21,21,672,672,performance_biased,performance_biased,8cx2GBpc,""
cluster-wf_spark_183,n2-highcpu-32,n2,2,4,64,128,performance_biased,performance_biased,8cx2GBpc,""
cluster-wf_spark_181,n2-standard-32,n2,4,4,128,128,performance_biased,performance_biased,8cx2GBpc,""
cluster-wf_spark_18,e2-standard-32,e2,6,6,192,192,performance_biased,performance_biased,8cx2GBpc,""
cluster-wf_spark_359,n2-standard-32,n2,9,10,288,320,performance_biased,performance_biased,8cx2GBpc,""
cluster-wf_spark_87,e2-standard-32,e2,5,6,160,192,performance_biased,performance_biased,8cx2GBpc,""
cluster-wf_spark_164,n2-standard-32,n2,5,6,160,192,performance_biased,performance_biased,8cx2GBpc,""
cluster-wf_spark_53,e2-standard-32,e2,9,10,288,320,performance_biased,performance_biased,8cx2GBpc,""
cluster-wf_spark_247,n2-highcpu-8,n2,3,4,24,32,performance_biased,performance_biased,8cx2GBpc,""
cluster-wf_spark_28,n2-standard-32,n2,6,6,192,192,performance_biased,performance_biased,8cx2GBpc,""
cluster-wf_spark_254,e2-standard-32,e2,7,8,224,256,performance_biased,performance_biased,8cx2GBpc,""
cluster-wf_spark_211,n2-standard-32,n2,9,10,288,320,performance_biased,performance_biased,8cx2GBpc,""
cluster-wf_spark_103,n2d-standard-32,n2d,3,4,96,128,performance_biased,performance_biased,8cx2GBpc,""
cluster-wf_spark_265,n2-highcpu-8,n2,3,4,24,32,performance_biased,performance_biased,8cx2GBpc,""
cluster-wf_spark_25,e2-standard-32,e2,4,4,128,128,performance_biased,performance_biased,8cx2GBpc,""
cluster-wf_spark_225,e2-standard-32,e2,7,8,224,256,performance_biased,performance_biased,8cx2GBpc,""
cluster-wf_spark_131,n2-standard-32,n2,7,8,224,256,performance_biased,performance_biased,8cx2GBpc,""
cluster-wf_spark_50,n2d-highcpu-32,n2d,3,4,96,128,performance_biased,performance_biased,8cx2GBpc,""
cluster-wf_spark_153,n2-highcpu-32,n2,3,4,96,128,performance_biased,performance_biased,8cx2GBpc,""
cluster-wf_spark_64,n2d-standard-32,n2d,76,76,2432,2432,performance_biased,performance_biased,8cx2GBpc,""
cluster-wf_spark_287,e2-standard-32,e2,7,8,224,256,performance_biased,performance_biased,8cx2GBpc,""
cluster-wf_spark_318,n2-highcpu-8,n2,3,4,24,32,performance_biased,performance_biased,8cx2GBpc,""
cluster-wf_spark_236,n2-standard-32,n2,5,6,160,192,performance_biased,performance_biased,8cx2GBpc,""
cluster-wf_spark_276,e2-standard-32,e2,11,11,352,352,performance_biased,performance_biased,8cx2GBpc,""
cluster-wf_spark_271,n2-highcpu-8,n2,2,4,16,32,performance_biased,performance_biased,8cx2GBpc,""
cluster-wf_spark_76,n2-standard-32,n2,11,11,352,352,performance_biased,performance_biased,8cx2GBpc,""
cluster-wf_spark_173,e2-standard-32,e2,9,10,288,320,performance_biased,performance_biased,8cx2GBpc,""
cluster-wf_spark_8,n2-highcpu-32,n2,2,4,64,128,performance_biased,performance_biased,8cx2GBpc,""
cluster-wf_spark_109,n2-standard-32,n2,76,76,2432,2432,performance_biased,performance_biased,8cx2GBpc,""
cluster-wf_spark_98,e2-standard-32,e2,14,14,448,448,performance_biased,performance_biased,8cx2GBpc,""
cluster-wf_spark_355,e2-standard-32,e2,9,10,288,320,performance_biased,performance_biased,8cx2GBpc,""
cluster-wf_spark_192,e2-standard-32,e2,7,8,224,256,performance_biased,performance_biased,8cx2GBpc,""
cluster-wf_spark_194,e2-standard-32,e2,9,10,288,320,performance_biased,performance_biased,8cx2GBpc,""
cluster-wf_spark_136,e2-standard-32,e2,5,6,160,192,performance_biased,performance_biased,8cx2GBpc,""
cluster-wf_spark_260,e2-standard-32,e2,5,6,160,192,performance_biased,performance_biased,8cx2GBpc,""
cluster-wf_spark_215,e2-standard-32,e2,4,4,128,128,performance_biased,performance_biased,8cx2GBpc,""
cluster-wf_spark_42,e2-highcpu-8,e2,2,4,16,32,performance_biased,performance_biased,8cx2GBpc,""
cluster-wf_spark_307,e2-standard-32,e2,9,10,288,320,performance_biased,performance_biased,8cx2GBpc,""
cluster-wf_spark_70,e2-standard-32,e2,3,4,96,128,performance_biased,performance_biased,8cx2GBpc,""
cluster-wf_spark_121,e2-standard-32,e2,5,6,160,192,performance_biased,performance_biased,8cx2GBpc,""
cluster-wf_spark_169,e2-standard-32,e2,5,6,160,192,performance_biased,performance_biased,8cx2GBpc,""
cluster-wf_spark_158,n2-highcpu-32,n2,3,4,96,128,performance_biased,performance_biased,8cx2GBpc,""
cluster-wf_spark_31,n2-standard-32,n2,114,114,3648,3648,performance_biased,performance_biased,8cx2GBpc,""
cluster-wf_spark_221,e2-standard-32,e2,3,4,96,128,performance_biased,performance_biased,8cx2GBpc,""
cluster-wf_spark_81,e2-standard-32,e2,3,4,96,128,performance_biased,performance_biased,8cx2GBpc,""
cluster-wf_spark_14,e2-standard-32,e2,114,114,3648,3648,performance_biased,performance_biased,8cx2GBpc,""
cluster-wf_spark_61,n2d-standard-32,n2d,59,59,1888,1888,performance_biased,performance_biased,8cx2GBpc,""
cluster-wf_spark_110,n2-standard-32,n2,10,10,320,320,performance_biased,performance_biased,8cx2GBpc,""
cluster-wf_spark_147,e2-standard-32,e2,9,10,288,320,performance_biased,performance_biased,8cx2GBpc,""
cluster-wf_spark_209,n2d-standard-32,n2d,4,4,128,128,performance_biased,performance_biased,8cx2GBpc,""
cluster-wf_spark_329,n2-highcpu-32,n2,2,4,64,128,performance_biased,performance_biased,8cx2GBpc,""
cluster-wf_spark_92,n2-highcpu-8,n2,2,4,16,32,performance_biased,performance_biased,8cx2GBpc,""
cluster-wf_spark_3,e2-standard-32,e2,12,12,384,384,performance_biased,performance_biased,8cx2GBpc,""
cluster-wf_spark_142,n2-highcpu-8,n2,3,4,24,32,performance_biased,performance_biased,8cx2GBpc,""
cluster-wf_spark_296,n2-standard-32,n2,5,6,160,192,performance_biased,performance_biased,8cx2GBpc,""
cluster-wf_spark_69,n2d-standard-32,n2d,37,37,1184,1184,performance_biased,performance_biased,8cx2GBpc,""
cluster-wf_spark_300,n2-highcpu-32,n2,2,4,64,128,performance_biased,performance_biased,8cx2GBpc,""
cluster-wf_spark_291,n2-standard-32,n2,9,10,288,320,performance_biased,performance_biased,8cx2GBpc,""
cluster-wf_spark_7,n2-highcpu-32,n2,2,4,64,128,performance_biased,performance_biased,8cx2GBpc,""
cluster-wf_spark_299,e2-standard-32,e2,13,13,416,416,performance_biased,performance_biased,8cx2GBpc,""
cluster-wf_spark_132,n2-standard-32,n2,7,8,224,256,performance_biased,performance_biased,8cx2GBpc,""
cluster-wf_spark_125,n2-standard-32,n2,5,6,160,192,performance_biased,performance_biased,8cx2GBpc,""
cluster-wf_spark_91,n2-highcpu-32,n2,3,4,96,128,performance_biased,performance_biased,8cx2GBpc,""
cluster-wf_spark_58,e2-standard-32,e2,29,29,928,928,performance_biased,performance_biased,8cx2GBpc,""
cluster-wf_spark_315,n2-standard-32,n2,8,8,256,256,performance_biased,performance_biased,8cx2GBpc,""
cluster-wf_spark_280,n2-standard-32,n2,12,12,384,384,performance_biased,performance_biased,8cx2GBpc,""
cluster-wf_spark_339,n2-standard-32,n2,13,13,416,416,performance_biased,performance_biased,8cx2GBpc,""
cluster-wf_spark_114,e2-standard-32,e2,5,6,160,192,performance_biased,performance_biased,8cx2GBpc,""
cluster-wf_spark_143,n2d-highcpu-8,n2d,2,4,16,32,performance_biased,performance_biased,8cx2GBpc,""
cluster-wf_spark_349,e2-standard-32,e2,13,13,416,416,performance_biased,performance_biased,8cx2GBpc,""
cluster-wf_spark_84,n2d-standard-32,n2d,76,76,2432,2432,performance_biased,performance_biased,8cx2GBpc,""
cluster-wf_spark_350,n2-standard-32,n2,3,4,96,128,performance_biased,performance_biased,8cx2GBpc,""
cluster-wf_spark_366,n2-standard-32,n2,9,10,288,320,performance_biased,performance_biased,8cx2GBpc,""
cluster-wf_spark_326,e2-highcpu-32,e2,3,4,96,128,performance_biased,performance_biased,8cx2GBpc,""
cluster-wf_spark_334,e2-standard-32,e2,7,8,224,256,performance_biased,performance_biased,8cx2GBpc,""
cluster-wf_spark_119,n2-standard-32,n2,7,8,224,256,performance_biased,performance_biased,8cx2GBpc,""
cluster-wf_spark_344,n2-highcpu-32,n2,3,4,96,128,performance_biased,performance_biased,8cx2GBpc,""
cluster-wf_spark_163,e2-standard-32,e2,7,8,224,256,performance_biased,performance_biased,8cx2GBpc,""
cluster-wf_spark_120,n2-standard-32,n2,3,4,96,128,performance_biased,performance_biased,8cx2GBpc,""
cluster-wf_spark_47,n2-standard-32,n2,3,4,96,128,performance_biased,performance_biased,8cx2GBpc,""
cluster-wf_spark_304,e2-standard-32,e2,9,10,288,320,performance_biased,performance_biased,8cx2GBpc,""
cluster-wf_spark_108,n2-standard-32,n2,76,76,2432,2432,performance_biased,performance_biased,8cx2GBpc,""
cluster-wf_spark_176,e2-standard-32,e2,7,8,224,256,performance_biased,performance_biased,8cx2GBpc,""
cluster-wf_spark_36,e2-highcpu-32,e2,3,4,96,128,performance_biased,performance_biased,8cx2GBpc,""
cluster-wf_spark_243,e2-standard-32,e2,7,8,224,256,performance_biased,performance_biased,8cx2GBpc,""
cluster-wf_spark_258,e2-standard-32,e2,13,13,416,416,performance_biased,performance_biased,8cx2GBpc,""
cluster-wf_spark_202,e2-standard-32,e2,5,6,160,192,performance_biased,performance_biased,8cx2GBpc,""
cluster-wf_spark_95,e2-standard-32,e2,37,37,1184,1184,performance_biased,performance_biased,8cx2GBpc,""
cluster-wf_spark_269,n2-highcpu-32,n2,3,4,96,128,performance_biased,performance_biased,8cx2GBpc,""
cluster-wf_spark_361,e2-standard-32,e2,13,13,416,416,performance_biased,performance_biased,8cx2GBpc,""
cluster-wf_spark_311,n2-highcpu-8,n2,3,4,24,32,performance_biased,performance_biased,8cx2GBpc,""
cluster-wf_spark_282,n2-standard-32,n2,9,10,288,320,performance_biased,performance_biased,8cx2GBpc,""
cluster-wf_spark_232,n2-standard-32,n2,10,10,320,320,performance_biased,performance_biased,8cx2GBpc,""
cluster-wf_spark_73,e2-standard-32,e2,79,79,2528,2528,performance_biased,performance_biased,8cx2GBpc,""
cluster-wf_spark_15,n2d-standard-32,n2d,79,79,2528,2528,performance_biased,performance_biased,8cx2GBpc,""
cluster-wf_spark_20,n2-standard-32,n2,17,17,544,544,performance_biased,performance_biased,8cx2GBpc,""
cluster-wf_spark_80,n2-standard-32,n2,6,6,192,192,performance_biased,performance_biased,8cx2GBpc,""
cluster-wf_spark_322,n2-standard-32,n2,11,11,352,352,performance_biased,performance_biased,8cx2GBpc,""
cluster-wf_spark_275,n2-standard-32,n2,11,11,352,352,performance_biased,performance_biased,8cx2GBpc,""
cluster-wf_spark_253,n2-standard-32,n2,7,8,224,256,performance_biased,performance_biased,8cx2GBpc,""
cluster-wf_spark_333,n2-standard-32,n2,11,11,352,352,performance_biased,performance_biased,8cx2GBpc,""
cluster-wf_spark_214,n2-standard-32,n2,4,4,128,128,performance_biased,performance_biased,8cx2GBpc,""
cluster-wf_spark_172,n2-highcpu-32,n2,2,4,64,128,performance_biased,performance_biased,8cx2GBpc,""
cluster-wf_spark_343,n2-standard-32,n2,7,8,224,256,performance_biased,performance_biased,8cx2GBpc,""
cluster-wf_spark_264,e2-highcpu-32,e2,3,4,96,128,performance_biased,performance_biased,8cx2GBpc,""
cluster-wf_spark_180,e2-standard-32,e2,7,8,224,256,performance_biased,performance_biased,8cx2GBpc,""
cluster-wf_spark_186,n2-standard-32,n2,9,10,288,320,performance_biased,performance_biased,8cx2GBpc,""
cluster-wf_spark_62,e2-standard-32,e2,6,6,192,192,performance_biased,performance_biased,8cx2GBpc,""
cluster-wf_spark_224,n2-highcpu-32,n2,3,4,96,128,performance_biased,performance_biased,8cx2GBpc,""
cluster-wf_spark_40,n2-highcpu-8,n2,3,4,24,32,performance_biased,performance_biased,8cx2GBpc,""
cluster-wf_spark_246,e2-standard-32,e2,10,10,320,320,performance_biased,performance_biased,8cx2GBpc,""
cluster-wf_spark_5,n2-highcpu-8,n2,3,4,24,32,performance_biased,performance_biased,8cx2GBpc,""
cluster-wf_spark_191,n2-standard-32,n2,7,8,224,256,performance_biased,performance_biased,8cx2GBpc,""
cluster-wf_spark_106,n2-standard-32,n2,34,34,1088,1088,performance_biased,performance_biased,8cx2GBpc,""
cluster-wf_spark_24,e2-standard-32,e2,19,19,608,608,performance_biased,performance_biased,8cx2GBpc,""
cluster-wf_spark_358,e2-highcpu-8,e2,3,4,24,32,performance_biased,performance_biased,8cx2GBpc,""
cluster-wf_spark_301,e2-standard-32,e2,13,13,416,416,performance_biased,performance_biased,8cx2GBpc,""
cluster-wf_spark_231,n2-standard-32,n2,3,4,96,128,performance_biased,performance_biased,8cx2GBpc,""
cluster-wf_spark_65,e2-standard-32,e2,14,14,448,448,performance_biased,performance_biased,8cx2GBpc,""
cluster-wf_spark_51,n2d-standard-32,n2d,3,4,96,128,performance_biased,performance_biased,8cx2GBpc,""
cluster-wf_spark_286,n2-standard-32,n2,2,4,64,128,performance_biased,performance_biased,8cx2GBpc,""
cluster-wf_spark_323,n2-standard-32,n2,7,8,224,256,performance_biased,performance_biased,8cx2GBpc,""
cluster-wf_spark_128,n2d-standard-32,n2d,3,4,96,128,performance_biased,performance_biased,8cx2GBpc,""
cluster-wf_spark_2,n2d-standard-32,n2d,6,6,192,192,performance_biased,performance_biased,8cx2GBpc,""
cluster-wf_spark_210,n2-standard-32,n2,5,6,160,192,performance_biased,performance_biased,8cx2GBpc,""
cluster-wf_spark_337,e2-standard-32,e2,7,8,224,256,performance_biased,performance_biased,8cx2GBpc,""
cluster-wf_spark_347,n2-highcpu-32,n2,2,4,64,128,performance_biased,performance_biased,8cx2GBpc,""
cluster-wf_spark_220,n2-standard-32,n2,9,10,288,320,performance_biased,performance_biased,8cx2GBpc,""
cluster-wf_spark_160,n2d-standard-32,n2d,5,6,160,192,performance_biased,performance_biased,8cx2GBpc,""
cluster-wf_spark_328,e2-standard-32,e2,5,6,160,192,performance_biased,performance_biased,8cx2GBpc,""
cluster-wf_spark_250,n2-highcpu-8,n2,3,4,24,32,performance_biased,performance_biased,8cx2GBpc,""
cluster-wf_spark_117,e2-standard-32,e2,9,10,288,320,performance_biased,performance_biased,8cx2GBpc,""
cluster-wf_spark_261,n2-highcpu-32,n2,3,4,96,128,performance_biased,performance_biased,8cx2GBpc,""
cluster-wf_spark_369,n2d-standard-32,n2d,9,10,288,320,performance_biased,performance_biased,8cx2GBpc,""
cluster-wf_spark_312,n2-standard-32,n2,6,6,192,192,performance_biased,performance_biased,8cx2GBpc,""
cluster-wf_spark_135,n2-highcpu-32,n2,2,4,64,128,performance_biased,performance_biased,8cx2GBpc,""
cluster-wf_spark_68,e2-standard-32,e2,37,37,1184,1184,performance_biased,performance_biased,8cx2GBpc,""
cluster-wf_spark_178,n2-standard-32,n2,7,8,224,256,performance_biased,performance_biased,8cx2GBpc,""
cluster-wf_spark_17,n2d-standard-32,n2d,12,12,384,384,performance_biased,performance_biased,8cx2GBpc,""
cluster-wf_spark_354,n2-highcpu-32,n2,2,4,64,128,performance_biased,performance_biased,8cx2GBpc,""
cluster-wf_spark_197,n2-standard-32,n2,5,6,160,192,performance_biased,performance_biased,8cx2GBpc,""
cluster-wf_spark_208,n2-standard-32,n2,4,4,128,128,performance_biased,performance_biased,8cx2GBpc,""
cluster-wf_spark_235,n2-highcpu-32,n2,3,4,96,128,performance_biased,performance_biased,8cx2GBpc,""
cluster-wf_spark_317,n2-standard-32,n2,3,4,96,128,performance_biased,performance_biased,8cx2GBpc,""
cluster-wf_spark_94,n2d-standard-32,n2d,59,59,1888,1888,performance_biased,performance_biased,8cx2GBpc,""
cluster-wf_spark_340,n2-standard-32,n2,9,10,288,320,performance_biased,performance_biased,8cx2GBpc,""
cluster-wf_spark_351,e2-standard-32,e2,13,13,416,416,performance_biased,performance_biased,8cx2GBpc,""
cluster-wf_spark_43,n2-standard-32,n2,6,6,192,192,performance_biased,performance_biased,8cx2GBpc,""
cluster-wf_spark_124,n2-standard-32,n2,14,14,448,448,performance_biased,performance_biased,8cx2GBpc,""
cluster-wf_spark_203,e2-highcpu-32,e2,2,4,64,128,performance_biased,performance_biased,8cx2GBpc,""
cluster-wf_spark_113,e2-standard-32,e2,97,97,3104,3104,performance_biased,performance_biased,8cx2GBpc,""
cluster-wf_spark_281,n2-highcpu-32,n2,2,4,64,128,performance_biased,performance_biased,8cx2GBpc,""
cluster-wf_spark_32,n2-standard-32,n2,14,14,448,448,performance_biased,performance_biased,8cx2GBpc,""
cluster-wf_spark_46,n2-standard-32,n2,3,4,96,128,performance_biased,performance_biased,8cx2GBpc,""
cluster-wf_spark_35,n2-standard-32,n2,40,40,1280,1280,performance_biased,performance_biased,8cx2GBpc,""
cluster-wf_spark_10,n2-standard-32,n2,6,6,192,192,performance_biased,performance_biased,8cx2GBpc,""
cluster-wf_spark_139,n2-highcpu-32,n2,3,4,96,128,performance_biased,performance_biased,8cx2GBpc,""
cluster-wf_spark_365,n2-standard-32,n2,5,6,160,192,performance_biased,performance_biased,8cx2GBpc,""
cluster-wf_spark_295,n2d-standard-32,n2d,10,10,320,320,performance_biased,performance_biased,8cx2GBpc,""
cluster-wf_spark_97,n2-standard-32,n2,3,4,96,128,performance_biased,performance_biased,8cx2GBpc,""
cluster-wf_spark_198,n2-standard-32,n2,5,6,160,192,performance_biased,performance_biased,8cx2GBpc,""
cluster-wf_spark_193,n2-standard-32,n2,7,8,224,256,performance_biased,performance_biased,8cx2GBpc,""
cluster-wf_spark_146,n2d-standard-32,n2d,5,6,160,192,performance_biased,performance_biased,8cx2GBpc,""
cluster-wf_spark_279,n2-standard-32,n2,7,8,224,256,performance_biased,performance_biased,8cx2GBpc,""
cluster-wf_spark_6,e2-highcpu-32,e2,2,4,64,128,performance_biased,performance_biased,8cx2GBpc,""
cluster-wf_spark_177,n2d-standard-32,n2d,4,4,128,128,performance_biased,performance_biased,8cx2GBpc,""
cluster-wf_spark_39,e2-standard-32,e2,7,8,224,256,performance_biased,performance_biased,8cx2GBpc,""
cluster-wf_spark_83,n2-standard-32,n2,28,28,896,896,performance_biased,performance_biased,8cx2GBpc,""
cluster-wf_spark_168,e2-standard-32,e2,7,8,224,256,performance_biased,performance_biased,8cx2GBpc,""
cluster-wf_spark_257,n2d-highcpu-32,n2d,3,4,96,128,performance_biased,performance_biased,8cx2GBpc,""
cluster-wf_spark_75,e2-standard-32,e2,16,16,512,512,performance_biased,performance_biased,8cx2GBpc,""
cluster-wf_spark_283,n2d-standard-32,n2d,7,8,224,256,performance_biased,performance_biased,8cx2GBpc,""
cluster-wf_spark_157,n2d-highcpu-32,n2d,3,4,96,128,performance_biased,performance_biased,8cx2GBpc,""
cluster-wf_spark_57,n2d-standard-32,n2d,45,45,1440,1440,performance_biased,performance_biased,8cx2GBpc,""
cluster-wf_spark_268,n2-highcpu-32,n2,3,4,96,128,performance_biased,performance_biased,8cx2GBpc,""
cluster-wf_spark_306,e2-standard-32,e2,9,10,288,320,performance_biased,performance_biased,8cx2GBpc,""
cluster-wf_spark_182,n2-standard-32,n2,5,6,160,192,performance_biased,performance_biased,8cx2GBpc,""
cluster-wf_spark_187,n2-standard-32,n2,6,6,192,192,performance_biased,performance_biased,8cx2GBpc,""
cluster-wf_spark_86,e2-standard-32,e2,3,4,96,128,performance_biased,performance_biased,8cx2GBpc,""
cluster-wf_spark_38,n2-standard-32,n2,3,4,96,128,performance_biased,performance_biased,8cx2GBpc,""
cluster-wf_spark_292,e2-standard-32,e2,5,6,160,192,performance_biased,performance_biased,8cx2GBpc,""
cluster-wf_spark_54,n2-standard-32,n2,70,70,2240,2240,performance_biased,performance_biased,8cx2GBpc,""
cluster-wf_spark_242,e2-standard-32,e2,7,8,224,256,performance_biased,performance_biased,8cx2GBpc,""
cluster-wf_spark_27,e2-standard-32,e2,5,6,160,192,performance_biased,performance_biased,8cx2GBpc,""
cluster-wf_spark_272,e2-standard-32,e2,13,13,416,416,performance_biased,performance_biased,8cx2GBpc,""
cluster-wf_spark_270,e2-highcpu-32,e2,2,4,64,128,performance_biased,performance_biased,8cx2GBpc,""
cluster-wf_spark_362,e2-standard-32,e2,7,8,224,256,performance_biased,performance_biased,8cx2GBpc,""
cluster-wf_spark_102,e2-standard-32,e2,114,114,3648,3648,performance_biased,performance_biased,8cx2GBpc,""
cluster-wf_spark_21,n2d-standard-32,n2d,7,8,224,256,performance_biased,performance_biased,8cx2GBpc,""
cluster-wf_spark_217,n2d-highcpu-32,n2d,2,4,64,128,performance_biased,performance_biased,8cx2GBpc,""
cluster-wf_spark_360,n2-highcpu-32,n2,2,4,64,128,performance_biased,performance_biased,8cx2GBpc,""
cluster-wf_spark_72,n2-standard-32,n2,3,4,96,128,performance_biased,performance_biased,8cx2GBpc,""
cluster-wf_spark_223,n2d-standard-32,n2d,7,8,224,256,performance_biased,performance_biased,8cx2GBpc,""
cluster-wf_spark_105,n2-standard-32,n2,26,26,832,832,performance_biased,performance_biased,8cx2GBpc,""
cluster-wf_spark_238,n2d-standard-32,n2d,9,10,288,320,performance_biased,performance_biased,8cx2GBpc,""
cluster-wf_spark_278,n2d-standard-32,n2d,3,4,96,128,performance_biased,performance_biased,8cx2GBpc,""
cluster-wf_spark_364,n2-standard-32,n2,9,10,288,320,performance_biased,performance_biased,8cx2GBpc,""
cluster-wf_spark_332,n2d-highcpu-8,n2d,3,4,24,32,performance_biased,performance_biased,8cx2GBpc,""
cluster-wf_spark_175,n2d-standard-32,n2d,6,6,192,192,performance_biased,performance_biased,8cx2GBpc,""
cluster-wf_spark_74,n2-standard-32,n2,110,110,3520,3520,performance_biased,performance_biased,8cx2GBpc,""
cluster-wf_spark_324,n2d-standard-32,n2d,13,13,416,416,performance_biased,performance_biased,8cx2GBpc,""
cluster-wf_spark_294,n2d-highcpu-32,n2d,3,4,96,128,performance_biased,performance_biased,8cx2GBpc,""
cluster-wf_spark_85,n2d-standard-32,n2d,16,16,512,512,performance_biased,performance_biased,8cx2GBpc,""
cluster-wf_spark_342,e2-standard-32,e2,6,6,192,192,performance_biased,performance_biased,8cx2GBpc,""
cluster-wf_spark_302,e2-highcpu-32,e2,3,4,96,128,performance_biased,performance_biased,8cx2GBpc,""
cluster-wf_spark_179,e2-standard-32,e2,5,6,160,192,performance_biased,performance_biased,8cx2GBpc,""
cluster-wf_spark_166,e2-standard-32,e2,4,4,128,128,performance_biased,performance_biased,8cx2GBpc,""
cluster-wf_spark_262,e2-standard-32,e2,5,6,160,192,performance_biased,performance_biased,8cx2GBpc,""
cluster-wf_spark_249,n2d-highcpu-32,n2d,2,4,64,128,performance_biased,performance_biased,8cx2GBpc,""
cluster-wf_spark_213,e2-standard-32,e2,7,8,224,256,performance_biased,performance_biased,8cx2GBpc,""
cluster-wf_spark_284,n2d-standard-32,n2d,5,6,160,192,performance_biased,performance_biased,8cx2GBpc,""
cluster-wf_spark_227,e2-standard-32,e2,4,4,128,128,performance_biased,performance_biased,8cx2GBpc,""
cluster-wf_spark_23,n2d-standard-32,n2d,7,8,224,256,performance_biased,performance_biased,8cx2GBpc,""
cluster-wf_spark_66,e2-standard-32,e2,17,17,544,544,performance_biased,performance_biased,8cx2GBpc,""
cluster-wf_spark_289,n2d-standard-32,n2d,7,8,224,256,performance_biased,performance_biased,8cx2GBpc,""
cluster-wf_spark_116,e2-standard-32,e2,4,4,128,128,performance_biased,performance_biased,8cx2GBpc,""
cluster-wf_spark_234,e2-standard-32,e2,7,8,224,256,performance_biased,performance_biased,8cx2GBpc,""
cluster-wf_spark_12,n2d-standard-32,n2d,76,76,2432,2432,performance_biased,performance_biased,8cx2GBpc,""
cluster-wf_spark_1,e2-highcpu-32,e2,2,4,64,128,performance_biased,performance_biased,8cx2GBpc,""
cluster-wf_spark_49,e2-standard-32,e2,15,15,480,480,performance_biased,performance_biased,8cx2GBpc,""
cluster-wf_spark_368,n2-standard-32,n2,5,6,160,192,performance_biased,performance_biased,8cx2GBpc,""
cluster-wf_spark_336,n2-standard-32,n2,4,4,128,128,performance_biased,performance_biased,8cx2GBpc,""
cluster-wf_spark_273,e2-standard-32,e2,11,11,352,352,performance_biased,performance_biased,8cx2GBpc,""
cluster-wf_spark_313,n2-highcpu-32,n2,2,4,64,128,performance_biased,performance_biased,8cx2GBpc,""
cluster-wf_spark_190,n2-highcpu-32,n2,2,4,64,128,performance_biased,performance_biased,8cx2GBpc,""
cluster-wf_spark_185,n2-standard-32,n2,7,8,224,256,performance_biased,performance_biased,8cx2GBpc,""
cluster-wf_spark_353,n2-highcpu-32,n2,3,4,96,128,performance_biased,performance_biased,8cx2GBpc,""
cluster-wf_spark_251,e2-standard-32,e2,9,10,288,320,performance_biased,performance_biased,8cx2GBpc,""
cluster-wf_spark_245,n2-standard-32,n2,13,13,416,416,performance_biased,performance_biased,8cx2GBpc,""
cluster-wf_spark_55,e2-standard-32,e2,6,6,192,192,performance_biased,performance_biased,8cx2GBpc,""
cluster-wf_spark_127,e2-standard-32,e2,5,6,160,192,performance_biased,performance_biased,8cx2GBpc,""
cluster-wf_spark_256,e2-standard-32,e2,13,13,416,416,performance_biased,performance_biased,8cx2GBpc,""
cluster-wf_spark_267,n2-standard-32,n2,3,4,96,128,performance_biased,performance_biased,8cx2GBpc,""
cluster-wf_spark_240,n2-highcpu-8,n2,2,4,16,32,performance_biased,performance_biased,8cx2GBpc,""
cluster-wf_spark_112,n2-standard-32,n2,20,20,640,640,performance_biased,performance_biased,8cx2GBpc,""
cluster-wf_spark_145,e2-standard-32,e2,11,11,352,352,performance_biased,performance_biased,8cx2GBpc,""
cluster-wf_spark_327,n2-standard-32,n2,9,10,288,320,performance_biased,performance_biased,8cx2GBpc,""
cluster-wf_spark_71,e2-standard-32,e2,7,8,224,256,performance_biased,performance_biased,8cx2GBpc,""
cluster-wf_spark_9,n2-standard-32,n2,51,51,1632,1632,performance_biased,performance_biased,8cx2GBpc,""
cluster-wf_spark_13,e2-standard-32,e2,3,4,96,128,performance_biased,performance_biased,8cx2GBpc,""
cluster-wf_spark_82,e2-standard-32,e2,42,42,1344,1344,performance_biased,performance_biased,8cx2GBpc,""
cluster-wf_spark_22,n2d-highcpu-32,n2d,3,4,96,128,performance_biased,performance_biased,8cx2GBpc,""
cluster-wf_spark_16,e2-standard-32,e2,91,91,2912,2912,performance_biased,performance_biased,8cx2GBpc,""
cluster-wf_spark_309,n2d-highcpu-32,n2d,3,4,96,128,performance_biased,performance_biased,8cx2GBpc,""
cluster-wf_spark_96,n2-standard-32,n2,40,40,1280,1280,performance_biased,performance_biased,8cx2GBpc,""
cluster-wf_spark_357,n2d-highcpu-32,n2d,3,4,96,128,performance_biased,performance_biased,8cx2GBpc,""
cluster-wf_spark_316,n2d-standard-32,n2d,7,8,224,256,performance_biased,performance_biased,8cx2GBpc,""
cluster-wf_spark_239,n2d-standard-32,n2d,8,8,256,256,performance_biased,performance_biased,8cx2GBpc,""
cluster-wf_spark_123,n2d-standard-32,n2d,5,6,160,192,performance_biased,performance_biased,8cx2GBpc,""
cluster-wf_spark_134,n2d-standard-32,n2d,7,8,224,256,performance_biased,performance_biased,8cx2GBpc,""
cluster-wf_spark_204,n2-highcpu-32,n2,2,4,64,128,performance_biased,performance_biased,8cx2GBpc,""
cluster-wf_spark_11,n2-highcpu-8,n2,2,4,16,32,performance_biased,performance_biased,8cx2GBpc,""
cluster-wf_spark_199,n2-standard-32,n2,5,6,160,192,performance_biased,performance_biased,8cx2GBpc,""
cluster-wf_spark_156,n2-standard-32,n2,7,8,224,256,performance_biased,performance_biased,8cx2GBpc,""
cluster-wf_spark_101,n2d-standard-32,n2d,79,79,2528,2528,performance_biased,performance_biased,8cx2GBpc,""
cluster-wf_spark_33,n2-standard-32,n2,89,89,2848,2848,performance_biased,performance_biased,8cx2GBpc,""
cluster-wf_spark_218,e2-standard-32,e2,5,6,160,192,performance_biased,performance_biased,8cx2GBpc,""
cluster-wf_spark_149,e2-standard-32,e2,7,8,224,256,performance_biased,performance_biased,8cx2GBpc,""
cluster-wf_spark_188,e2-standard-32,e2,5,6,160,192,performance_biased,performance_biased,8cx2GBpc,""
cluster-wf_spark_228,e2-standard-32,e2,5,6,160,192,performance_biased,performance_biased,8cx2GBpc,""
cluster-wf_spark_320,e2-standard-32,e2,7,8,224,256,performance_biased,performance_biased,8cx2GBpc,""
cluster-wf_spark_78,e2-highcpu-8,e2,3,4,24,32,performance_biased,performance_biased,8cx2GBpc,""
cluster-wf_spark_171,e2-standard-32,e2,11,11,352,352,performance_biased,performance_biased,8cx2GBpc,""
cluster-wf_spark_161,e2-standard-32,e2,4,4,128,128,performance_biased,performance_biased,8cx2GBpc,""
cluster-wf_spark_305,e2-standard-32,e2,6,6,192,192,performance_biased,performance_biased,8cx2GBpc,""
cluster-wf_spark_346,e2-highcpu-32,e2,2,4,64,128,performance_biased,performance_biased,8cx2GBpc,""
cluster-wf_spark_89,e2-highcpu-8,e2,3,4,24,32,performance_biased,performance_biased,8cx2GBpc,""
cluster-wf_spark_196,e2-standard-32,e2,11,11,352,352,performance_biased,performance_biased,8cx2GBpc,""
cluster-wf_spark_93,n2-standard-32,n2,34,34,1088,1088,performance_biased,performance_biased,8cx2GBpc,""
cluster-wf_spark_138,e2-standard-32,e2,7,8,224,256,performance_biased,performance_biased,8cx2GBpc,""
cluster-wf_spark_297,e2-standard-32,e2,3,4,96,128,performance_biased,performance_biased,8cx2GBpc,""
cluster-wf_spark_167,e2-highcpu-32,e2,2,4,64,128,performance_biased,performance_biased,8cx2GBpc,""
cluster-wf_spark_150,e2-highcpu-32,e2,3,4,96,128,performance_biased,performance_biased,8cx2GBpc,""
cluster-wf_spark_44,e2-standard-32,e2,4,4,128,128,performance_biased,performance_biased,8cx2GBpc,""
cluster-wf_spark_200,e2-standard-32,e2,5,6,160,192,performance_biased,performance_biased,8cx2GBpc,""
